INSERT INTO users (user_id, login_id, password, name, email, phone_number, birthday, created_at, role)
VALUES ('11111111-1111-1111-1111-111111111112', 'testuser1',
        '$2a$12$WbQzovwzqOtzDEUBjGeFcehv9OWx/ZJ0E0V3UHMJRw3m8Uiq..mDi', '김선준', 'kim@example.com', '01012348678',
        '1999-01-01', '2025-01-01T10:00:00', 'USER');

INSERT INTO users (user_id, login_id, password, name, email, phone_number, birthday, created_at, role)
VALUES ('22222222-2222-2222-2222-222222222222', 'testuser2',
        '$2a$12$WbQzovwzqOtzDEUBjGeFcehv9OWx/ZJ0E0V3UHMJRw3m8Uiq..mDi', '김창환', 'kim2@example.com', '01099998888',
        '2000-05-05', '2025-01-01T11:00:00', 'USER');

INSERT INTO users (user_id, login_id, password, name, email, phone_number, birthday, created_at, role)
VALUES ('22222222-2222-2222-2222-222222222223', 'testuser3',
        '$2a$12$WbQzovwzqOtzDEUBjGeFcehv9OWx/ZJ0E0V3UHMJRw3m8Uiq..mDi', '장인찬', 'jang@example.com', '01099978888',
        '2004-07-28', '2025-01-01T11:00:00', 'USER');

INSERT INTO users (user_id, login_id, password, name, email, phone_number, birthday, created_at, role)
VALUES ('22222222-2222-2222-2222-222222222224', 'testuser4',
        '$2a$12$WbQzovwzqOtzDEUBjGeFcehv9OWx/ZJ0E0V3UHMJRw3m8Uiq..mDi', '최종빈', 'choi@example.com', '01099908888',
        '2000-01-26', '2025-01-01T11:00:00', 'USER');

--  추가 사용자 (user5 ~ user15)
INSERT INTO users (user_id, login_id, password, name, email, phone_number, birthday, created_at, role)
VALUES ('22222222-2222-2222-2222-222222222225', 'testuser5',
        '$2a$12$WbQzovwzqOtzDEUBjGeFcehv9OWx/ZJ0E0V3UHMJRw3m8Uiq..mDi', '사용자5', 'user5@example.com', '01073879994',
        '1995-07-17', '2025-01-01T12:00:00', 'USER');

INSERT INTO users (user_id, login_id, password, name, email, phone_number, birthday, created_at, role)
VALUES ('22222222-2222-2222-2222-222222222226', 'testuser6',
        '$2a$12$WbQzovwzqOtzDEUBjGeFcehv9OWx/ZJ0E0V3UHMJRw3m8Uiq..mDi', '사용자6', 'user6@example.com', '01014745241',
        '1996-08-17', '2025-01-01T12:00:00', 'USER');

INSERT INTO users (user_id, login_id, password, name, email, phone_number, birthday, created_at, role)
VALUES ('22222222-2222-2222-2222-222222222227', 'testuser7',
        '$2a$12$WbQzovwzqOtzDEUBjGeFcehv9OWx/ZJ0E0V3UHMJRw3m8Uiq..mDi', '사용자7', 'user7@example.com', '01082058183',
        '1997-02-17', '2025-01-01T12:00:00', 'USER');

INSERT INTO users (user_id, login_id, password, name, email, phone_number, birthday, created_at, role)
VALUES ('22222222-2222-2222-2222-222222222228', 'testuser8',
        '$2a$12$WbQzovwzqOtzDEUBjGeFcehv9OWx/ZJ0E0V3UHMJRw3m8Uiq..mDi', '사용자8', 'user8@example.com', '01011359220',
        '1998-04-24', '2025-01-01T12:00:00', 'USER');

INSERT INTO users (user_id, login_id, password, name, email, phone_number, birthday, created_at, role)
VALUES ('22222222-2222-2222-2222-222222222229', 'testuser9',
        '$2a$12$WbQzovwzqOtzDEUBjGeFcehv9OWx/ZJ0E0V3UHMJRw3m8Uiq..mDi', '사용자9', 'user9@example.com', '01029525099',
        '1999-08-26', '2025-01-01T12:00:00', 'USER');

INSERT INTO users (user_id, login_id, password, name, email, phone_number, birthday, created_at, role)
VALUES ('22222222-2222-2222-2222-222222222230', 'testuser10',
        '$2a$12$WbQzovwzqOtzDEUBjGeFcehv9OWx/ZJ0E0V3UHMJRw3m8Uiq..mDi', '사용자10', 'user10@example.com', '01016300235',
        '1990-03-10', '2025-01-01T12:00:00', 'USER');

INSERT INTO users (user_id, login_id, password, name, email, phone_number, birthday, created_at, role)
VALUES ('22222222-2222-2222-2222-222222222231', 'testuser11',
        '$2a$12$WbQzovwzqOtzDEUBjGeFcehv9OWx/ZJ0E0V3UHMJRw3m8Uiq..mDi', '사용자11', 'user11@example.com', '01036723165',
        '1991-01-21', '2025-01-01T12:00:00', 'USER');

INSERT INTO users (user_id, login_id, password, name, email, phone_number, birthday, created_at, role)
VALUES ('22222222-2222-2222-2222-222222222232', 'testuser12',
        '$2a$12$WbQzovwzqOtzDEUBjGeFcehv9OWx/ZJ0E0V3UHMJRw3m8Uiq..mDi', '사용자12', 'user12@example.com', '01093447432',
        '1992-05-21', '2025-01-01T12:00:00', 'USER');

INSERT INTO users (user_id, login_id, password, name, email, phone_number, birthday, created_at, role)
VALUES ('22222222-2222-2222-2222-222222222233', 'testuser13',
        '$2a$12$WbQzovwzqOtzDEUBjGeFcehv9OWx/ZJ0E0V3UHMJRw3m8Uiq..mDi', '사용자13', 'user13@example.com', '01078259134',
        '1993-05-17', '2025-01-01T12:00:00', 'USER');

INSERT INTO users (user_id, login_id, password, name, email, phone_number, birthday, created_at, role)
VALUES ('22222222-2222-2222-2222-222222222234', 'testuser14',
        '$2a$12$WbQzovwzqOtzDEUBjGeFcehv9OWx/ZJ0E0V3UHMJRw3m8Uiq..mDi', '사용자14', 'user14@example.com', '01039904571',
        '1994-02-13', '2025-01-01T12:00:00', 'USER');

INSERT INTO users (user_id, login_id, password, name, email, phone_number, birthday, created_at, role)
VALUES ('22222222-2222-2222-2222-222222222235', 'testuser15',
        '$2a$12$WbQzovwzqOtzDEUBjGeFcehv9OWx/ZJ0E0V3UHMJRw3m8Uiq..mDi', '사용자15', 'user15@example.com', '01041513368',
        '1995-08-13', '2025-01-01T12:00:00', 'USER');


INSERT INTO categories (category_name)
VALUES ('탁주'),
       ('청주'),
       ('증류주'),
       ('약주'),
       ('과실주'),
       ('기타');

INSERT INTO Drinks (drink_id, drink_name, drink_price, drink_stock, drink_alcohol_content, drink_volume,
                    drink_is_delete, drink_region, category_id)
VALUES (100, '막걸리', 8000, 100, 6.5, 750, false, '전통', 1),
       (101, '청주', 5000, 50, 13.0, 500, false, '전통', 2),
       (102, '홍주', 6000, 30, 14.0, 700, false, '전통', 3),
       (103, '한국주', 18000, 20, 15.0, 1000, false, '한국', 4),
       (104, '월량주', 10000, 40, 16.5, 750, false, '중부', 5),
       (105, '서울의밤', 12000, 25, 14.5, 600, false, '서울', 6);

INSERT INTO cart (cart_id, quantity, drink_id, user_id)
VALUES (1, 1, 100, '11111111-1111-1111-1111-111111111112');
INSERT INTO cart (cart_id, quantity, drink_id, user_id)
VALUES (2, 2, 102, '11111111-1111-1111-1111-111111111112');
INSERT INTO cart (cart_id, quantity, drink_id, user_id)
VALUES (3, 1, 101, '22222222-2222-2222-2222-222222222222');

INSERT INTO Images(image_url)
values ('https://giju-bubble.s3.ap-northeast-2.amazonaws.com/resized_12124821977126586917.png');

INSERT INTO Drink_images (image_id, drink_id, is_thumbnail)
VALUES (1, 100, true);
INSERT INTO Drink_images (image_id, drink_id, is_thumbnail)
VALUES (1, 101, true);
INSERT INTO Drink_images (image_id, drink_id, is_thumbnail)
VALUES (1, 102, true);
INSERT INTO Drink_images (image_id, drink_id, is_thumbnail)
VALUES (1, 103, true);
INSERT INTO Drink_images (image_id, drink_id, is_thumbnail)
VALUES (1, 104, true);
INSERT INTO Drink_images (image_id, drink_id, is_thumbnail)
VALUES (1, 105, true);


INSERT INTO Likes(drink_id, user_id, is_delete)
VALUES (100, '22222222-2222-2222-2222-222222222222', false);

INSERT INTO Delivery_companies (delivery_company_id, delivery_company_name)
VALUES (100, '택배'),
       (101, '우체국 택배');


INSERT INTO orders (
    order_id,
    total_amount,
    created_at,
    order_status,
    delivery_charge,
    is_deleted,
    order_name,
    deleted_at,
    user_id
) VALUES (
             99,
             50000,
             '2025-05-28T02:29:00',
             'PENDING',
             0,
             false,
             'testuser4의 테스트 주문',
             NULL,
             '22222222-2222-2222-2222-222222222224'
         );


INSERT INTO order_detail (order_detail_id,
                          price,
                          quantity,
                          drink_name,
                          region,
                          order_id,
                          is_canceled,
                          is_refund_requested,
                          is_refunded)
VALUES (1, 10000, 1, '막걸리', '전라남도', 99, false, false, false),
       (2, 12000, 1, '감자주', '강원도', 99, false, false, false);

INSERT INTO Orders (
    order_id,
    total_amount,
    created_at,
    order_status,
    delivery_charge,
    is_deleted,
    order_name,
    deleted_at,
    user_id
) VALUES (
             1,
             50000,
             '2025-05-24T16:47:00',
             'PENDING',
             3000,
             false,
             'testuser1의 첫 주문',
             NULL,
             '11111111-1111-1111-1111-111111111112'
         );




INSERT INTO Orders (order_id,
                    total_amount,
                    created_at,
                    order_status,
                    delivery_charge,
                    is_deleted,
                    order_name,
                    deleted_at,
                    user_id)
VALUES (2,
        22000,
        '2025-05-25T16:47:00',
        'DELIVERED',
        3000,
        false,
        'testuser1의 두번째 주문',
        NULL,
        '11111111-1111-1111-1111-111111111112');

INSERT INTO order_detail (order_detail_id,
                          price,
                          quantity,
                          drink_name,
                          region,
                          order_id,
                          is_canceled,
                          is_refund_requested,
                          is_refunded)
VALUES (3, 10000, 1, '막걸리', '전라남도', 2, false, false, false),
       (4, 12000, 1, '감자주', '강원도', 2, false, false, false);


INSERT INTO Deliveries(delivery_id, delivery_company_id, order_id, delivery_num)
VALUES (1, 100, 1, '12345');

-- [기존 유저/카테고리/음료/이미지/장바구니/좋아요/배송사 삽입 생략]

-- 누락된 주문 (order_id: 3~14)
INSERT INTO Orders (order_id, total_amount, created_at, order_status, delivery_charge, is_deleted, order_name,
                    deleted_at, user_id)
VALUES (3, 28500, '2025-05-25T12:00:00', 'DELIVERED', 3000, false, 'testuser3의 첫 주문', NULL,
        '22222222-2222-2222-2222-222222222223'),
       (4, 12000, '2025-05-25T12:10:00', 'DELIVERED', 3000, false, 'testuser1의 세번째 주문', NULL,
        '11111111-1111-1111-1111-111111111112'),
       (5, 17000, '2025-05-25T12:20:00', 'DELIVERED', 3000, false, 'testuser4의 첫 주문', NULL,
        '22222222-2222-2222-2222-222222222224'),
       (6, 17400, '2025-05-25T12:30:00', 'DELIVERED', 3000, false, 'testuser2의 세번째 주문', NULL,
        '22222222-2222-2222-2222-222222222222'),
       (7, 27600, '2025-05-25T12:40:00', 'DELIVERED', 3000, false, 'testuser1의 네번째 주문', NULL,
        '11111111-1111-1111-1111-111111111112'),
       (8, 18800, '2025-05-25T12:50:00', 'DELIVERED', 3000, false, 'testuser4의 두번째 주문', NULL,
        '22222222-2222-2222-2222-222222222224'),
       (9, 9300, '2025-05-25T13:00:00', 'DELIVERED', 3000, false, 'testuser3의 두번째 주문', NULL,
        '22222222-2222-2222-2222-222222222223'),
       (10, 18200, '2025-05-25T13:10:00', 'DELIVERED', 3000, false, 'testuser3의 세번째 주문', NULL,
        '22222222-2222-2222-2222-222222222223'),
       (11, 35200, '2025-05-25T13:20:00', 'DELIVERED', 3000, false, 'testuser2의 네번째 주문', NULL,
        '22222222-2222-2222-2222-222222222222'),
       (12, 19800, '2025-05-25T13:30:00', 'DELIVERED', 3000, false, 'testuser4의 세번째 주문', NULL,
        '22222222-2222-2222-2222-222222222224'),
       (13, 10000, '2025-05-25T13:40:00', 'DELIVERED', 3000, false, 'testuser2의 다섯번째 주문', NULL,
        '22222222-2222-2222-2222-222222222222'),
       (14, 48500, '2025-05-25T13:50:00', 'DELIVERED', 3000, false, 'testuser1의 다섯번째 주문', NULL,
        '11111111-1111-1111-1111-111111111112'),
       (15, 43700, '2025-05-26T12:00:00', 'DELIVERED', 3000, false, 'testuser5의 주문', NULL,
        '22222222-2222-2222-2222-222222222225'),
       (16, 27600, '2025-05-26T12:00:00', 'DELIVERED', 3000, false, 'testuser6의 주문', NULL,
        '22222222-2222-2222-2222-222222222226'),
       (17, 17400, '2025-05-26T12:00:00', 'DELIVERED', 3000, false, 'testuser7의 주문', NULL,
        '22222222-2222-2222-2222-222222222227'),
       (18, 22400, '2025-05-26T12:00:00', 'DELIVERED', 3000, false, 'testuser8의 주문', NULL,
        '22222222-2222-2222-2222-222222222228'),
       (19, 37800, '2025-05-26T12:00:00', 'DELIVERED', 3000, false, 'testuser9의 주문', NULL,
        '22222222-2222-2222-2222-222222222229'),
       (20, 26000, '2025-05-26T12:00:00', 'DELIVERED', 3000, false, 'testuser10의 주문', NULL,
        '22222222-2222-2222-2222-222222222230'),
       (21, 32200, '2025-05-26T12:00:00', 'DELIVERED', 3000, false, 'testuser11의 주문', NULL,
        '22222222-2222-2222-2222-222222222231'),
       (22, 22200, '2025-05-26T12:00:00', 'DELIVERED', 3000, false, 'testuser12의 주문', NULL,
        '22222222-2222-2222-2222-222222222232'),
       (23, 19800, '2025-05-27T12:00:00', 'DELIVERED', 3000, false, 'testuser13의 주문', NULL,
        '22222222-2222-2222-2222-222222222233'),
       (24, 28400, '2025-05-26T12:00:00', 'DELIVERED', 3000, false, 'testuser14의 주문', NULL,
        '22222222-2222-2222-2222-222222222234'),
       (25, 38000, '2025-05-26T12:00:00', 'DELIVERED', 3000, false, 'testuser15의 주문', NULL,
        '22222222-2222-2222-2222-222222222235');

INSERT INTO order_detail (order_detail_id, price, quantity, drink_name, region, order_id, is_canceled,
                          is_refund_requested, is_refunded)
VALUES
-- 전라남도
(1011, 9000, 2, '남도술', '전라남도', 1, false, false, false),
(1012, 8000, 1, '광주탁주', '전라남도', 2, false, false, false),

-- 전라북도
(1021, 9500, 3, '전북청주', '전라북도', 3, false, false, false),
(1022, 9000, 1, '익산증류주', '전라북도', 4, false, false, false),

-- 경상남도
(1031, 8500, 2, '진주탁주', '경상남도', 5, false, false, false),
(1032, 8700, 2, '창원술', '경상남도', 6, false, false, false),
(1033, 9200, 3, '갱상도술', '경상남도', 7, false, false, false),
(1034, 9200, 3, '부산진로', '경상남도', 7, false, false, false),

-- 경상북도
(1041, 9400, 2, '포항청주', '경상북도', 8, false, false, false),

-- 강원도
(1051, 9300, 1, '강릉탁주', '강원도', 9, false, false, false),
(1052, 9300, 1, '강릉탁주', '강원도', 9, false, false, false),

-- 경기도
(1061, 8800, 50, '수원막걸리', '경기도', 11, false, false, false),
(1062, 8800, 5, '호도주', '경기도', 11, false, false, false),
(1063, 8800, 40, '시크릿쥬주', '경기도', 15, false, false, false),
(1064, 9300, 35, '경기주', '경기도', 9, false, false, false),
(1065, 21850, 34, '경기주1', '경기도', 16, false, false, false),
(1066, 21850, 33, '경기주2', '경기도', 17, false, false, false),
(1067, 21850, 32, '경기주3', '경기도', 18, false, false, false),
(1068, 21850, 31, '서울의밤', '경기도', 19, false, false, false),
(1069, 21850, 30, '경기주4', '경기도', 20, false, false, false),
(1660, 21850, 25, '경기주5', '경기도', 21, false, false, false),
(1661, 21850, 2, '경기주6', '경기도', 22, false, false, false),
(1662, 21850, 2, '경기주7', '경기도', 23, false, false, false),


-- 제주도
(1071, 9900, 2, '한라주', '제주도', 12, false, false, false),
(1072, 10000, 1, '제주청주', '제주도', 13, false, false, false),

-- 강원도
(1081, 9700, 5, '홍감자주', '강원도', 14, false, false, false);
